edge_sample,edge_us,hsync_fit_residual_ns,line_length_samples,line_length_us,ntsc_burst_global_phase_deg,ntsc_burst_peak_codes,ntsc_burst_phase_at_hsync_deg,ntsc_burst_residual_rms_codes,pal_burst_global_phase_deg,pal_burst_peak_codes,pal_burst_phase_at_hsync_deg,pal_burst_residual_rms_codes,sync_width_us
1019.3076923076923,50.965384615384615,48.06959706954217,,,55.589991498526416,5.052669986814524,-148.56210641190185,7.58932372256705,-134.90313013594644,3.286632546438985,-148.9125907128689,8.052151830128151,5.05
2289.55,114.4775,-14.632326007358643,1270.2423076923078,63.51211538461539,8.901920894284721,3.6812721874035823,-71.22876094261218,7.879611118388635,26.344889488468127,3.190042372113531,-135.8025473864992,7.990495283366636,5.25
3562.5714285714284,178.12857142857143,61.62179487173489,1273.0214285714283,63.651071428571406,10.485254972370392,6.241455133039812,-126.56019960222181,6.003829268983725,-78.72883716632185,1.2593877889061385,-167.22612645199573,7.386235806275949,5.1000000000000005
4831.923076923077,241.59615384615387,-45.613095238104506,1269.3516483516487,63.467582417582435,40.01983784622949,7.641333761360043,-30.391001354103263,4.964652362151516,-158.7523728947579,2.1285054136217707,-106.46682962549887,7.1927458372422155,5.3
6103.4,305.17,-46.58424908429879,1271.4769230769225,63.57384615384613,20.411095958738404,7.783692087397511,153.57018681791754,5.281315721230276,-18.73202322649186,2.232935096399555,-16.05580572655984,7.441990940584268,5.05
7376.2,368.81,18.59844322339086,1272.8000000000002,63.64000000000001,21.517573869713193,8.55066378667313,83.49484653665421,5.01651904074509,-115.33720516701801,1.4395638095248866,-56.68197766706218,7.809358213278572,5.05
8646.57142857143,432.3285714285715,-37.64743589745194,1270.3714285714295,63.51857142857148,28.542256992755906,7.200083148475414,-137.1395612596606,5.946255989230345,-152.09370820200118,1.8488219902746696,128.7280525123978,7.696106812707598,5.2
9914.461538461539,495.723076923077,-217.95924908428788,1267.8901098901097,63.39450549450549,51.33331649356954,5.830242079055903,-141.8834668042371,5.425366705803382,88.64905690130068,2.7119152636058694,33.61537228593402,6.523329288641809,5.3
11195.0,559.75,234.14652014644162,1280.538461538461,64.02692307692304,48.81209292956115,7.552998899467945,-76.98336170753495,4.901921350314939,7.238185207204948,1.236669631362367,-94.24750229281457,7.240721950932466,4.7
